team,line,p_over,p_under,p_push,total
ARI,0.5,1.0,0.0,0.0,1.0
ARI,1.0,0.99995,0.0,5e-05,1.0
ARI,1.5,0.99995,5e-05,0.0,1.0
ARI,2.0,0.9995,5e-05,0.00045,1.0
ARI,2.5,0.9995,0.0005,0.0,1.0
ARI,3.0,0.9969,0.0005,0.0026,1.0
ARI,3.5,0.9969,0.0031,0.0,1.0
ARI,4.0,0.98715,0.0031,0.00975,1.0
ARI,4.5,0.98715,0.01285,0.0,1.0
ARI,5.0,0.9564,0.01285,0.03075,1.0
ARI,5.5,0.9564,0.0436,0.0,1.0
ARI,6.0,0.88555,0.0436,0.07085,0.9999999999999999
ARI,6.5,0.88555,0.11445,0.0,1.0
ARI,7.0,0.75665,0.11445,0.1289,1.0
ARI,7.5,0.75665,0.24335,0.0,1.0
ARI,8.0,0.5716,0.24335,0.18505,1.0
ARI,8.5,0.5716,0.4284,0.0,1.0
ARI,9.0,0.3756,0.4284,0.196,1.0
ARI,9.5,0.3756,0.6244,0.0,1.0
ARI,10.0,0.2084,0.6244,0.1672,1.0
ARI,10.5,0.2084,0.7916,0.0,1.0
ARI,11.0,0.09445,0.7916,0.11395,1.0
ARI,11.5,0.09445,0.90555,0.0,1.0
ARI,12.0,0.0345,0.90555,0.05995,1.0
ARI,12.5,0.0345,0.9655,0.0,1.0
ARI,13.0,0.00825,0.9655,0.02625,1.0
ARI,13.5,0.00825,0.99175,0.0,1.0
ARI,14.0,0.0014,0.99175,0.00685,1.0
ARI,14.5,0.0014,0.9986,0.0,1.0
ARI,15.0,0.00025,0.9986,0.00115,1.0
ARI,15.5,0.00025,0.99975,0.0,1.0
ARI,16.0,5e-05,0.99975,0.0002,1.0
ARI,16.5,5e-05,0.99995,0.0,1.0
ATL,0.5,1.0,0.0,0.0,1.0
ATL,1.0,0.99875,0.0,0.00125,1.0
ATL,1.5,0.99875,0.00125,0.0,1.0
ATL,2.0,0.9916,0.00125,0.00715,1.0
ATL,2.5,0.9916,0.0084,0.0,1.0
ATL,3.0,0.9646,0.0084,0.027,1.0
ATL,3.5,0.9646,0.0354,0.0,1.0
ATL,4.0,0.8943,0.0354,0.0703,1.0
ATL,4.5,0.8943,0.1057,0.0,1.0
ATL,5.0,0.7597,0.1057,0.1346,1.0
ATL,5.5,0.7597,0.2403,0.0,1.0
ATL,6.0,0.57545,0.2403,0.18425,1.0
ATL,6.5,0.57545,0.42455,0.0,1.0
ATL,7.0,0.36895,0.42455,0.2065,1.0
ATL,7.5,0.36895,0.63105,0.0,1.0
ATL,8.0,0.1977,0.63105,0.17125,1.0
ATL,8.5,0.1977,0.8023,0.0,1.0
ATL,9.0,0.08435,0.8023,0.11335,1.0
ATL,9.5,0.08435,0.91565,0.0,1.0
ATL,10.0,0.0325,0.91565,0.05185,0.9999999999999999
ATL,10.5,0.0325,0.9675,0.0,1.0
ATL,11.0,0.0099,0.9675,0.0226,1.0
ATL,11.5,0.0099,0.9901,0.0,1.0
ATL,12.0,0.0021,0.9901,0.0078,1.0
ATL,12.5,0.0021,0.9979,0.0,1.0
ATL,13.0,0.0004,0.9979,0.0017,1.0
ATL,13.5,0.0004,0.9996,0.0,1.0
ATL,14.0,5e-05,0.9996,0.00035,1.0
ATL,14.5,5e-05,0.99995,0.0,1.0
ATL,15.0,0.0,0.99995,5e-05,1.0
ATL,15.5,0.0,1.0,0.0,1.0
ATL,16.0,0.0,1.0,0.0,1.0
ATL,16.5,0.0,1.0,0.0,1.0
BAL,0.5,1.0,0.0,0.0,1.0
BAL,1.0,1.0,0.0,0.0,1.0
BAL,1.5,1.0,0.0,0.0,1.0
BAL,2.0,1.0,0.0,0.0,1.0
BAL,2.5,1.0,0.0,0.0,1.0
BAL,3.0,1.0,0.0,0.0,1.0
BAL,3.5,1.0,0.0,0.0,1.0
BAL,4.0,0.99995,0.0,5e-05,1.0
BAL,4.5,0.99995,5e-05,0.0,1.0
BAL,5.0,0.99865,5e-05,0.0013,1.0
BAL,5.5,0.99865,0.00135,0.0,1.0
BAL,6.0,0.99335,0.00135,0.0053,0.9999999999999999
BAL,6.5,0.99335,0.00665,0.0,1.0
BAL,7.0,0.97625,0.00665,0.0171,1.0
BAL,7.5,0.97625,0.02375,0.0,1.0
BAL,8.0,0.9309,0.02375,0.04535,1.0
BAL,8.5,0.9309,0.0691,0.0,1.0
BAL,9.0,0.83695,0.0691,0.09395,1.0
BAL,9.5,0.83695,0.16305,0.0,1.0
BAL,10.0,0.6794,0.16305,0.15755,1.0
BAL,10.5,0.6794,0.3206,0.0,1.0
BAL,11.0,0.4765,0.3206,0.2029,0.9999999999999999
BAL,11.5,0.4765,0.5235,0.0,1.0
BAL,12.0,0.27335,0.5235,0.20315,1.0
BAL,12.5,0.27335,0.72665,0.0,1.0
BAL,13.0,0.123,0.72665,0.15035,1.0
BAL,13.5,0.123,0.877,0.0,1.0
BAL,14.0,0.04085,0.877,0.08215,1.0
BAL,14.5,0.04085,0.95915,0.0,1.0
BAL,15.0,0.00905,0.95915,0.0318,1.0
BAL,15.5,0.00905,0.99095,0.0,1.0
BAL,16.0,0.0011,0.99095,0.00795,1.0
BAL,16.5,0.0011,0.9989,0.0,1.0
BUF,0.5,1.0,0.0,0.0,1.0
BUF,1.0,1.0,0.0,0.0,1.0
BUF,1.5,1.0,0.0,0.0,1.0
BUF,2.0,1.0,0.0,0.0,1.0
BUF,2.5,1.0,0.0,0.0,1.0
BUF,3.0,0.99995,0.0,5e-05,1.0
BUF,3.5,0.99995,5e-05,0.0,1.0
BUF,4.0,0.99995,5e-05,0.0,1.0
BUF,4.5,0.99995,5e-05,0.0,1.0
BUF,5.0,0.99975,5e-05,0.0002,1.0
BUF,5.5,0.99975,0.00025,0.0,1.0
BUF,6.0,0.99785,0.00025,0.0019,1.0
BUF,6.5,0.99785,0.00215,0.0,1.0
BUF,7.0,0.98955,0.00215,0.0083,1.0
BUF,7.5,0.98955,0.01045,0.0,1.0
BUF,8.0,0.96255,0.01045,0.027,1.0
BUF,8.5,0.96255,0.03745,0.0,1.0
BUF,9.0,0.8994,0.03745,0.06315,1.0
BUF,9.5,0.8994,0.1006,0.0,1.0
BUF,10.0,0.7746,0.1006,0.1248,1.0
BUF,10.5,0.7746,0.2254,0.0,1.0
BUF,11.0,0.58885,0.2254,0.18575,0.9999999999999999
BUF,11.5,0.58885,0.41115,0.0,1.0
BUF,12.0,0.3727,0.41115,0.21615,1.0
BUF,12.5,0.3727,0.6273,0.0,1.0
BUF,13.0,0.18335,0.6273,0.18935,1.0
BUF,13.5,0.18335,0.81665,0.0,1.0
BUF,14.0,0.06485,0.81665,0.1185,1.0
BUF,14.5,0.06485,0.93515,0.0,1.0
BUF,15.0,0.014,0.93515,0.05085,1.0
BUF,15.5,0.014,0.986,0.0,1.0
BUF,16.0,0.0014,0.986,0.0126,1.0
BUF,16.5,0.0014,0.9986,0.0,1.0
CAR,0.5,0.9974,0.0026,0.0,1.0
CAR,1.0,0.97935,0.0026,0.01805,1.0
CAR,1.5,0.97935,0.02065,0.0,1.0
CAR,2.0,0.91355,0.02065,0.0658,0.9999999999999999
CAR,2.5,0.91355,0.08645,0.0,1.0
CAR,3.0,0.77425,0.08645,0.1393,1.0
CAR,3.5,0.77425,0.22575,0.0,1.0
CAR,4.0,0.569,0.22575,0.20525,1.0
CAR,4.5,0.569,0.431,0.0,1.0
CAR,5.0,0.35275,0.431,0.21625,1.0
CAR,5.5,0.35275,0.64725,0.0,1.0
CAR,6.0,0.18095,0.64725,0.1718,1.0
CAR,6.5,0.18095,0.81905,0.0,1.0
CAR,7.0,0.0803,0.81905,0.10065,1.0
CAR,7.5,0.0803,0.9197,0.0,1.0
CAR,8.0,0.0273,0.9197,0.053,1.0
CAR,8.5,0.0273,0.9727,0.0,1.0
CAR,9.0,0.00715,0.9727,0.02015,1.0
CAR,9.5,0.00715,0.99285,0.0,1.0
CAR,10.0,0.00175,0.99285,0.0054,1.0
CAR,10.5,0.00175,0.99825,0.0,1.0
CAR,11.0,0.0002,0.99825,0.00155,1.0
CAR,11.5,0.0002,0.9998,0.0,1.0
CAR,12.0,0.0,0.9998,0.0002,1.0
CAR,12.5,0.0,1.0,0.0,1.0
CAR,13.0,0.0,1.0,0.0,1.0
CAR,13.5,0.0,1.0,0.0,1.0
CAR,14.0,0.0,1.0,0.0,1.0
CAR,14.5,0.0,1.0,0.0,1.0
CAR,15.0,0.0,1.0,0.0,1.0
CAR,15.5,0.0,1.0,0.0,1.0
CAR,16.0,0.0,1.0,0.0,1.0
CAR,16.5,0.0,1.0,0.0,1.0
CHI,0.5,0.9999,0.0001,0.0,1.0
CHI,1.0,0.99925,0.0001,0.00065,1.0
CHI,1.5,0.99925,0.00075,0.0,1.0
CHI,2.0,0.9956,0.00075,0.00365,1.0
CHI,2.5,0.9956,0.0044,0.0,1.0
CHI,3.0,0.9781,0.0044,0.0175,0.9999999999999999
CHI,3.5,0.9781,0.0219,0.0,1.0
CHI,4.0,0.9272,0.0219,0.0509,1.0
CHI,4.5,0.9272,0.0728,0.0,1.0
CHI,5.0,0.81765,0.0728,0.10955,1.0
CHI,5.5,0.81765,0.18235,0.0,1.0
CHI,6.0,0.64885,0.18235,0.1688,1.0
CHI,6.5,0.64885,0.35115,0.0,1.0
CHI,7.0,0.4434,0.35115,0.20545,1.0
CHI,7.5,0.4434,0.5566,0.0,1.0
CHI,8.0,0.25255,0.5566,0.19085,1.0
CHI,8.5,0.25255,0.74745,0.0,1.0
CHI,9.0,0.1207,0.74745,0.13185,1.0
CHI,9.5,0.1207,0.8793,0.0,1.0
CHI,10.0,0.0454,0.8793,0.0753,1.0
CHI,10.5,0.0454,0.9546,0.0,1.0
CHI,11.0,0.0134,0.9546,0.032,1.0
CHI,11.5,0.0134,0.9866,0.0,1.0
CHI,12.0,0.00325,0.9866,0.01015,1.0
CHI,12.5,0.00325,0.99675,0.0,1.0
CHI,13.0,0.0007,0.99675,0.00255,1.0
CHI,13.5,0.0007,0.9993,0.0,1.0
CHI,14.0,0.0001,0.9993,0.0006,1.0
CHI,14.5,0.0001,0.9999,0.0,1.0
CHI,15.0,0.0,0.9999,0.0001,1.0
CHI,15.5,0.0,1.0,0.0,1.0
CHI,16.0,0.0,1.0,0.0,1.0
CHI,16.5,0.0,1.0,0.0,1.0
CIN,0.5,1.0,0.0,0.0,1.0
CIN,1.0,1.0,0.0,0.0,1.0
CIN,1.5,1.0,0.0,0.0,1.0
CIN,2.0,0.9999,0.0,0.0001,1.0
CIN,2.5,0.9999,0.0001,0.0,1.0
CIN,3.0,0.9997,0.0001,0.0002,1.0
CIN,3.5,0.9997,0.0003,0.0,1.0
CIN,4.0,0.99735,0.0003,0.00235,0.9999999999999999
CIN,4.5,0.99735,0.00265,0.0,1.0
CIN,5.0,0.98845,0.00265,0.0089,1.0
CIN,5.5,0.98845,0.01155,0.0,1.0
CIN,6.0,0.9598,0.01155,0.02865,0.9999999999999999
CIN,6.5,0.9598,0.0402,0.0,1.0
CIN,7.0,0.8894,0.0402,0.0704,1.0
CIN,7.5,0.8894,0.1106,0.0,1.0
CIN,8.0,0.7582,0.1106,0.1312,1.0
CIN,8.5,0.7582,0.2418,0.0,1.0
CIN,9.0,0.57545,0.2418,0.18275,1.0
CIN,9.5,0.57545,0.42455,0.0,1.0
CIN,10.0,0.3686,0.42455,0.20685,1.0
CIN,10.5,0.3686,0.6314,0.0,1.0
CIN,11.0,0.1929,0.6314,0.1757,0.9999999999999999
CIN,11.5,0.1929,0.8071,0.0,1.0
CIN,12.0,0.07795,0.8071,0.11495,1.0
CIN,12.5,0.07795,0.92205,0.0,1.0
CIN,13.0,0.02375,0.92205,0.0542,1.0
CIN,13.5,0.02375,0.97625,0.0,1.0
CIN,14.0,0.0044,0.97625,0.01935,0.9999999999999999
CIN,14.5,0.0044,0.9956,0.0,1.0
CIN,15.0,0.0003,0.9956,0.0041,1.0
CIN,15.5,0.0003,0.9997,0.0,1.0
CIN,16.0,5e-05,0.9997,0.00025,1.0
CIN,16.5,5e-05,0.99995,0.0,1.0
CLE,0.5,0.9964,0.0036,0.0,1.0
CLE,1.0,0.9717,0.0036,0.0247,1.0
CLE,1.5,0.9717,0.0283,0.0,1.0
CLE,2.0,0.8936,0.0283,0.0781,1.0
CLE,2.5,0.8936,0.1064,0.0,1.0
CLE,3.0,0.72885,0.1064,0.16475,1.0
CLE,3.5,0.72885,0.27115,0.0,1.0
CLE,4.0,0.5101,0.27115,0.21875,1.0
CLE,4.5,0.5101,0.4899,0.0,1.0
CLE,5.0,0.2989,0.4899,0.2112,1.0
CLE,5.5,0.2989,0.7011,0.0,1.0
CLE,6.0,0.144,0.7011,0.1549,1.0
CLE,6.5,0.144,0.856,0.0,1.0
CLE,7.0,0.05695,0.856,0.08705,0.9999999999999999
CLE,7.5,0.05695,0.94305,0.0,1.0
CLE,8.0,0.01745,0.94305,0.0395,1.0
CLE,8.5,0.01745,0.98255,0.0,1.0
CLE,9.0,0.00395,0.98255,0.0135,1.0
CLE,9.5,0.00395,0.99605,0.0,1.0
CLE,10.0,0.00095,0.99605,0.003,1.0
CLE,10.5,0.00095,0.99905,0.0,1.0
CLE,11.0,0.0001,0.99905,0.00085,1.0
CLE,11.5,0.0001,0.9999,0.0,1.0
CLE,12.0,0.0,0.9999,0.0001,1.0
CLE,12.5,0.0,1.0,0.0,1.0
CLE,13.0,0.0,1.0,0.0,1.0
CLE,13.5,0.0,1.0,0.0,1.0
CLE,14.0,0.0,1.0,0.0,1.0
CLE,14.5,0.0,1.0,0.0,1.0
CLE,15.0,0.0,1.0,0.0,1.0
CLE,15.5,0.0,1.0,0.0,1.0
CLE,16.0,0.0,1.0,0.0,1.0
CLE,16.5,0.0,1.0,0.0,1.0
DAL,0.5,0.99975,0.00025,0.0,1.0
DAL,1.0,0.99705,0.00025,0.0027,1.0
DAL,1.5,0.99705,0.00295,0.0,1.0
DAL,2.0,0.982,0.00295,0.01505,1.0
DAL,2.5,0.982,0.018,0.0,1.0
DAL,3.0,0.9352,0.018,0.0468,1.0
DAL,3.5,0.9352,0.0648,0.0,1.0
DAL,4.0,0.83715,0.0648,0.09805,0.9999999999999999
DAL,4.5,0.83715,0.16285,0.0,1.0
DAL,5.0,0.66565,0.16285,0.1715,1.0
DAL,5.5,0.66565,0.33435,0.0,1.0
DAL,6.0,0.4595,0.33435,0.20615,1.0
DAL,6.5,0.4595,0.5405,0.0,1.0
DAL,7.0,0.2689,0.5405,0.1906,0.9999999999999999
DAL,7.5,0.2689,0.7311,0.0,1.0
DAL,8.0,0.1288,0.7311,0.1401,1.0
DAL,8.5,0.1288,0.8712,0.0,1.0
DAL,9.0,0.0523,0.8712,0.0765,1.0
DAL,9.5,0.0523,0.9477,0.0,1.0
DAL,10.0,0.0186,0.9477,0.0337,0.9999999999999999
DAL,10.5,0.0186,0.9814,0.0,1.0
DAL,11.0,0.0049,0.9814,0.0137,1.0
DAL,11.5,0.0049,0.9951,0.0,1.0
DAL,12.0,0.00095,0.9951,0.00395,1.0
DAL,12.5,0.00095,0.99905,0.0,1.0
DAL,13.0,0.0002,0.99905,0.00075,1.0
DAL,13.5,0.0002,0.9998,0.0,1.0
DAL,14.0,0.0,0.9998,0.0002,1.0
DAL,14.5,0.0,1.0,0.0,1.0
DAL,15.0,0.0,1.0,0.0,1.0
DAL,15.5,0.0,1.0,0.0,1.0
DAL,16.0,0.0,1.0,0.0,1.0
DAL,16.5,0.0,1.0,0.0,1.0
DEN,0.5,1.0,0.0,0.0,1.0
DEN,1.0,1.0,0.0,0.0,1.0
DEN,1.5,1.0,0.0,0.0,1.0
DEN,2.0,1.0,0.0,0.0,1.0
DEN,2.5,1.0,0.0,0.0,1.0
DEN,3.0,0.9999,0.0,0.0001,1.0
DEN,3.5,0.9999,0.0001,0.0,1.0
DEN,4.0,0.9997,0.0001,0.0002,1.0
DEN,4.5,0.9997,0.0003,0.0,1.0
DEN,5.0,0.99785,0.0003,0.00185,1.0
DEN,5.5,0.99785,0.00215,0.0,1.0
DEN,6.0,0.99,0.00215,0.00785,1.0
DEN,6.5,0.99,0.01,0.0,1.0
DEN,7.0,0.9645,0.01,0.0255,1.0
DEN,7.5,0.9645,0.0355,0.0,1.0
DEN,8.0,0.90585,0.0355,0.05865,1.0
DEN,8.5,0.90585,0.09415,0.0,1.0
DEN,9.0,0.78525,0.09415,0.1206,1.0
DEN,9.5,0.78525,0.21475,0.0,1.0
DEN,10.0,0.59915,0.21475,0.1861,1.0
DEN,10.5,0.59915,0.40085,0.0,1.0
DEN,11.0,0.39365,0.40085,0.2055,1.0
DEN,11.5,0.39365,0.60635,0.0,1.0
DEN,12.0,0.2077,0.60635,0.18595,1.0
DEN,12.5,0.2077,0.7923,0.0,1.0
DEN,13.0,0.08295,0.7923,0.12475,1.0
DEN,13.5,0.08295,0.91705,0.0,1.0
DEN,14.0,0.0234,0.91705,0.05955,1.0
DEN,14.5,0.0234,0.9766,0.0,1.0
DEN,15.0,0.00355,0.9766,0.01985,1.0
DEN,15.5,0.00355,0.99645,0.0,1.0
DEN,16.0,0.00015,0.99645,0.0034,0.9999999999999999
DEN,16.5,0.00015,0.99985,0.0,1.0
DET,0.5,1.0,0.0,0.0,1.0
DET,1.0,1.0,0.0,0.0,1.0
DET,1.5,1.0,0.0,0.0,1.0
DET,2.0,1.0,0.0,0.0,1.0
DET,2.5,1.0,0.0,0.0,1.0
DET,3.0,1.0,0.0,0.0,1.0
DET,3.5,1.0,0.0,0.0,1.0
DET,4.0,1.0,0.0,0.0,1.0
DET,4.5,1.0,0.0,0.0,1.0
DET,5.0,0.99975,0.0,0.00025,1.0
DET,5.5,0.99975,0.00025,0.0,1.0
DET,6.0,0.9993,0.00025,0.00045,0.9999999999999999
DET,6.5,0.9993,0.0007,0.0,1.0
DET,7.0,0.99645,0.0007,0.00285,1.0
DET,7.5,0.99645,0.00355,0.0,1.0
DET,8.0,0.9851,0.00355,0.01135,1.0
DET,8.5,0.9851,0.0149,0.0,1.0
DET,9.0,0.95055,0.0149,0.03455,1.0
DET,9.5,0.95055,0.04945,0.0,1.0
DET,10.0,0.867,0.04945,0.08355,1.0
DET,10.5,0.867,0.133,0.0,1.0
DET,11.0,0.71875,0.133,0.14825,1.0
DET,11.5,0.71875,0.28125,0.0,1.0
DET,12.0,0.5104,0.28125,0.20835,1.0
DET,12.5,0.5104,0.4896,0.0,1.0
DET,13.0,0.2948,0.4896,0.2156,1.0
DET,13.5,0.2948,0.7052,0.0,1.0
DET,14.0,0.12485,0.7052,0.16995,1.0
DET,14.5,0.12485,0.87515,0.0,1.0
DET,15.0,0.0333,0.87515,0.09155,1.0
DET,15.5,0.0333,0.9667,0.0,1.0
DET,16.0,0.00405,0.9667,0.02925,1.0
DET,16.5,0.00405,0.99595,0.0,1.0
GB,0.5,1.0,0.0,0.0,1.0
GB,1.0,1.0,0.0,0.0,1.0
GB,1.5,1.0,0.0,0.0,1.0
GB,2.0,1.0,0.0,0.0,1.0
GB,2.5,1.0,0.0,0.0,1.0
GB,3.0,0.9999,0.0,0.0001,1.0
GB,3.5,0.9999,0.0001,0.0,1.0
GB,4.0,0.99945,0.0001,0.00045,0.9999999999999999
GB,4.5,0.99945,0.00055,0.0,1.0
GB,5.0,0.99725,0.00055,0.0022,1.0
GB,5.5,0.99725,0.00275,0.0,1.0
GB,6.0,0.9862,0.00275,0.01105,1.0
GB,6.5,0.9862,0.0138,0.0,1.0
GB,7.0,0.95365,0.0138,0.03255,1.0
GB,7.5,0.95365,0.04635,0.0,1.0
GB,8.0,0.87865,0.04635,0.075,1.0
GB,8.5,0.87865,0.12135,0.0,1.0
GB,9.0,0.7502,0.12135,0.12845,1.0
GB,9.5,0.7502,0.2498,0.0,1.0
GB,10.0,0.56675,0.2498,0.18345,1.0
GB,10.5,0.56675,0.43325,0.0,1.0
GB,11.0,0.35675,0.43325,0.21,1.0
GB,11.5,0.35675,0.64325,0.0,1.0
GB,12.0,0.18585,0.64325,0.1709,1.0
GB,12.5,0.18585,0.81415,0.0,1.0
GB,13.0,0.07205,0.81415,0.1138,1.0
GB,13.5,0.07205,0.92795,0.0,1.0
GB,14.0,0.0211,0.92795,0.05095,1.0
GB,14.5,0.0211,0.9789,0.0,1.0
GB,15.0,0.00285,0.9789,0.01825,1.0
GB,15.5,0.00285,0.99715,0.0,1.0
GB,16.0,0.00045,0.99715,0.0024,0.9999999999999999
GB,16.5,0.00045,0.99955,0.0,1.0
HOU,0.5,1.0,0.0,0.0,1.0
HOU,1.0,1.0,0.0,0.0,1.0
HOU,1.5,1.0,0.0,0.0,1.0
HOU,2.0,0.99975,0.0,0.00025,1.0
HOU,2.5,0.99975,0.00025,0.0,1.0
HOU,3.0,0.998,0.00025,0.00175,1.0
HOU,3.5,0.998,0.002,0.0,1.0
HOU,4.0,0.9904,0.002,0.0076,1.0
HOU,4.5,0.9904,0.0096,0.0,1.0
HOU,5.0,0.96415,0.0096,0.02625,1.0
HOU,5.5,0.96415,0.03585,0.0,1.0
HOU,6.0,0.90155,0.03585,0.0626,1.0
HOU,6.5,0.90155,0.09845,0.0,1.0
HOU,7.0,0.785,0.09845,0.11655,1.0
HOU,7.5,0.785,0.215,0.0,1.0
HOU,8.0,0.60995,0.215,0.17505,1.0
HOU,8.5,0.60995,0.39005,0.0,1.0
HOU,9.0,0.40645,0.39005,0.2035,1.0
HOU,9.5,0.40645,0.59355,0.0,1.0
HOU,10.0,0.23085,0.59355,0.1756,1.0
HOU,10.5,0.23085,0.76915,0.0,1.0
HOU,11.0,0.1034,0.76915,0.12745,1.0
HOU,11.5,0.1034,0.8966,0.0,1.0
HOU,12.0,0.03795,0.8966,0.06545,1.0
HOU,12.5,0.03795,0.96205,0.0,1.0
HOU,13.0,0.0096,0.96205,0.02835,1.0
HOU,13.5,0.0096,0.9904,0.0,1.0
HOU,14.0,0.0017,0.9904,0.0079,1.0
HOU,14.5,0.0017,0.9983,0.0,1.0
HOU,15.0,0.00045,0.9983,0.00125,0.9999999999999999
HOU,15.5,0.00045,0.99955,0.0,1.0
HOU,16.0,0.00015,0.99955,0.0003,1.0
HOU,16.5,0.00015,0.99985,0.0,1.0
IND,0.5,0.99995,5e-05,0.0,1.0
IND,1.0,0.9996,5e-05,0.00035,1.0
IND,1.5,0.9996,0.0004,0.0,1.0
IND,2.0,0.99775,0.0004,0.00185,1.0
IND,2.5,0.99775,0.00225,0.0,1.0
IND,3.0,0.989,0.00225,0.00875,1.0
IND,3.5,0.989,0.011,0.0,1.0
IND,4.0,0.9615,0.011,0.0275,1.0
IND,4.5,0.9615,0.0385,0.0,1.0
IND,5.0,0.8904,0.0385,0.0711,1.0
IND,5.5,0.8904,0.1096,0.0,1.0
IND,6.0,0.7579,0.1096,0.1325,1.0
IND,6.5,0.7579,0.2421,0.0,1.0
IND,7.0,0.57275,0.2421,0.18515,1.0
IND,7.5,0.57275,0.42725,0.0,1.0
IND,8.0,0.3807,0.42725,0.19205,1.0
IND,8.5,0.3807,0.6193,0.0,1.0
IND,9.0,0.21105,0.6193,0.16965,0.9999999999999999
IND,9.5,0.21105,0.78895,0.0,1.0
IND,10.0,0.09245,0.78895,0.1186,1.0
IND,10.5,0.09245,0.90755,0.0,1.0
IND,11.0,0.03185,0.90755,0.0606,1.0
IND,11.5,0.03185,0.96815,0.0,1.0
IND,12.0,0.00755,0.96815,0.0243,0.9999999999999999
IND,12.5,0.00755,0.99245,0.0,1.0
IND,13.0,0.00135,0.99245,0.0062,1.0
IND,13.5,0.00135,0.99865,0.0,1.0
IND,14.0,0.0002,0.99865,0.00115,1.0
IND,14.5,0.0002,0.9998,0.0,1.0
IND,15.0,0.0,0.9998,0.0002,1.0
IND,15.5,0.0,1.0,0.0,1.0
IND,16.0,0.0,1.0,0.0,1.0
IND,16.5,0.0,1.0,0.0,1.0
JAX,0.5,0.99995,5e-05,0.0,1.0
JAX,1.0,0.99895,5e-05,0.001,1.0
JAX,1.5,0.99895,0.00105,0.0,1.0
JAX,2.0,0.9923,0.00105,0.00665,1.0
JAX,2.5,0.9923,0.0077,0.0,1.0
JAX,3.0,0.965,0.0077,0.0273,1.0
JAX,3.5,0.965,0.035,0.0,1.0
JAX,4.0,0.8953,0.035,0.0697,1.0
JAX,4.5,0.8953,0.1047,0.0,1.0
JAX,5.0,0.7593,0.1047,0.136,1.0
JAX,5.5,0.7593,0.2407,0.0,1.0
JAX,6.0,0.56485,0.2407,0.19445,1.0
JAX,6.5,0.56485,0.43515,0.0,1.0
JAX,7.0,0.36625,0.43515,0.1986,1.0
JAX,7.5,0.36625,0.63375,0.0,1.0
JAX,8.0,0.19615,0.63375,0.1701,1.0
JAX,8.5,0.19615,0.80385,0.0,1.0
JAX,9.0,0.08635,0.80385,0.1098,1.0
JAX,9.5,0.08635,0.91365,0.0,1.0
JAX,10.0,0.029,0.91365,0.05735,1.0
JAX,10.5,0.029,0.971,0.0,1.0
JAX,11.0,0.00815,0.971,0.02085,1.0
JAX,11.5,0.00815,0.99185,0.0,1.0
JAX,12.0,0.0016,0.99185,0.00655,1.0
JAX,12.5,0.0016,0.9984,0.0,1.0
JAX,13.0,0.00025,0.9984,0.00135,0.9999999999999999
JAX,13.5,0.00025,0.99975,0.0,1.0
JAX,14.0,5e-05,0.99975,0.0002,1.0
JAX,14.5,5e-05,0.99995,0.0,1.0
JAX,15.0,0.0,0.99995,5e-05,1.0
JAX,15.5,0.0,1.0,0.0,1.0
JAX,16.0,0.0,1.0,0.0,1.0
JAX,16.5,0.0,1.0,0.0,1.0
KC,0.5,1.0,0.0,0.0,1.0
KC,1.0,1.0,0.0,0.0,1.0
KC,1.5,1.0,0.0,0.0,1.0
KC,2.0,1.0,0.0,0.0,1.0
KC,2.5,1.0,0.0,0.0,1.0
KC,3.0,0.99965,0.0,0.00035,1.0
KC,3.5,0.99965,0.00035,0.0,1.0
KC,4.0,0.9974,0.00035,0.00225,0.9999999999999999
KC,4.5,0.9974,0.0026,0.0,1.0
KC,5.0,0.9872,0.0026,0.0102,1.0
KC,5.5,0.9872,0.0128,0.0,1.0
KC,6.0,0.9578,0.0128,0.0294,1.0
KC,6.5,0.9578,0.0422,0.0,1.0
KC,7.0,0.89095,0.0422,0.06685,1.0
KC,7.5,0.89095,0.10905,0.0,1.0
KC,8.0,0.76365,0.10905,0.1273,1.0
KC,8.5,0.76365,0.23635,0.0,1.0
KC,9.0,0.58025,0.23635,0.1834,1.0
KC,9.5,0.58025,0.41975,0.0,1.0
KC,10.0,0.37335,0.41975,0.2069,1.0
KC,10.5,0.37335,0.62665,0.0,1.0
KC,11.0,0.20035,0.62665,0.173,1.0
KC,11.5,0.20035,0.79965,0.0,1.0
KC,12.0,0.0839,0.79965,0.11645,1.0
KC,12.5,0.0839,0.9161,0.0,1.0
KC,13.0,0.0267,0.9161,0.0572,1.0
KC,13.5,0.0267,0.9733,0.0,1.0
KC,14.0,0.0052,0.9733,0.0215,1.0
KC,14.5,0.0052,0.9948,0.0,1.0
KC,15.0,0.0012,0.9948,0.004,1.0
KC,15.5,0.0012,0.9988,0.0,1.0
KC,16.0,0.0,0.9988,0.0012,1.0
KC,16.5,0.0,1.0,0.0,1.0
LA,0.5,1.0,0.0,0.0,1.0
LA,1.0,0.9988,0.0,0.0012,1.0
LA,1.5,0.9988,0.0012,0.0,1.0
LA,2.0,0.9923,0.0012,0.0065,0.9999999999999999
LA,2.5,0.9923,0.0077,0.0,1.0
LA,3.0,0.9687,0.0077,0.0236,1.0
LA,3.5,0.9687,0.0313,0.0,1.0
LA,4.0,0.90615,0.0313,0.06255,1.0
LA,4.5,0.90615,0.09385,0.0,1.0
LA,5.0,0.7869,0.09385,0.11925,1.0
LA,5.5,0.7869,0.2131,0.0,1.0
LA,6.0,0.6099,0.2131,0.177,1.0
LA,6.5,0.6099,0.3901,0.0,1.0
LA,7.0,0.41135,0.3901,0.19855,1.0
LA,7.5,0.41135,0.58865,0.0,1.0
LA,8.0,0.23645,0.58865,0.1749,1.0
LA,8.5,0.23645,0.76355,0.0,1.0
LA,9.0,0.11185,0.76355,0.1246,1.0
LA,9.5,0.11185,0.88815,0.0,1.0
LA,10.0,0.04245,0.88815,0.0694,1.0
LA,10.5,0.04245,0.95755,0.0,1.0
LA,11.0,0.0131,0.95755,0.02935,1.0
LA,11.5,0.0131,0.9869,0.0,1.0
LA,12.0,0.0026,0.9869,0.0105,1.0
LA,12.5,0.0026,0.9974,0.0,1.0
LA,13.0,0.00045,0.9974,0.00215,0.9999999999999999
LA,13.5,0.00045,0.99955,0.0,1.0
LA,14.0,0.0002,0.99955,0.00025,1.0
LA,14.5,0.0002,0.9998,0.0,1.0
LA,15.0,0.0,0.9998,0.0002,1.0
LA,15.5,0.0,1.0,0.0,1.0
LA,16.0,0.0,1.0,0.0,1.0
LA,16.5,0.0,1.0,0.0,1.0
LAC,0.5,1.0,0.0,0.0,1.0
LAC,1.0,1.0,0.0,0.0,1.0
LAC,1.5,1.0,0.0,0.0,1.0
LAC,2.0,1.0,0.0,0.0,1.0
LAC,2.5,1.0,0.0,0.0,1.0
LAC,3.0,1.0,0.0,0.0,1.0
LAC,3.5,1.0,0.0,0.0,1.0
LAC,4.0,0.9999,0.0,0.0001,1.0
LAC,4.5,0.9999,0.0001,0.0,1.0
LAC,5.0,0.9976,0.0001,0.0023,1.0
LAC,5.5,0.9976,0.0024,0.0,1.0
LAC,6.0,0.9899,0.0024,0.0077,1.0
LAC,6.5,0.9899,0.0101,0.0,1.0
LAC,7.0,0.96595,0.0101,0.02395,1.0
LAC,7.5,0.96595,0.03405,0.0,1.0
LAC,8.0,0.90585,0.03405,0.0601,1.0
LAC,8.5,0.90585,0.09415,0.0,1.0
LAC,9.0,0.7887,0.09415,0.11715,0.9999999999999999
LAC,9.5,0.7887,0.2113,0.0,1.0
LAC,10.0,0.61125,0.2113,0.17745,0.9999999999999999
LAC,10.5,0.61125,0.38875,0.0,1.0
LAC,11.0,0.39975,0.38875,0.2115,1.0
LAC,11.5,0.39975,0.60025,0.0,1.0
LAC,12.0,0.21,0.60025,0.18975,0.9999999999999999
LAC,12.5,0.21,0.79,0.0,1.0
LAC,13.0,0.08515,0.79,0.12485,1.0
LAC,13.5,0.08515,0.91485,0.0,1.0
LAC,14.0,0.02505,0.91485,0.0601,1.0
LAC,14.5,0.02505,0.97495,0.0,1.0
LAC,15.0,0.0046,0.97495,0.02045,1.0
LAC,15.5,0.0046,0.9954,0.0,1.0
LAC,16.0,0.00045,0.9954,0.00415,0.9999999999999999
LAC,16.5,0.00045,0.99955,0.0,1.0
LV,0.5,0.99885,0.00115,0.0,1.0
LV,1.0,0.98435,0.00115,0.0145,0.9999999999999999
LV,1.5,0.98435,0.01565,0.0,1.0
LV,2.0,0.9293,0.01565,0.05505,1.0
LV,2.5,0.9293,0.0707,0.0,1.0
LV,3.0,0.8064,0.0707,0.1229,1.0
LV,3.5,0.8064,0.1936,0.0,1.0
LV,4.0,0.60545,0.1936,0.20095,1.0
LV,4.5,0.60545,0.39455,0.0,1.0
LV,5.0,0.3879,0.39455,0.21755,1.0
LV,5.5,0.3879,0.6121,0.0,1.0
LV,6.0,0.2049,0.6121,0.183,1.0
LV,6.5,0.2049,0.7951,0.0,1.0
LV,7.0,0.0902,0.7951,0.1147,1.0
LV,7.5,0.0902,0.9098,0.0,1.0
LV,8.0,0.0319,0.9098,0.0583,1.0
LV,8.5,0.0319,0.9681,0.0,1.0
LV,9.0,0.0075,0.9681,0.0244,0.9999999999999999
LV,9.5,0.0075,0.9925,0.0,1.0
LV,10.0,0.00195,0.9925,0.00555,1.0
LV,10.5,0.00195,0.99805,0.0,1.0
LV,11.0,0.0001,0.99805,0.00185,1.0
LV,11.5,0.0001,0.9999,0.0,1.0
LV,12.0,5e-05,0.9999,5e-05,1.0
LV,12.5,5e-05,0.99995,0.0,1.0
LV,13.0,0.0,0.99995,5e-05,1.0
LV,13.5,0.0,1.0,0.0,1.0
LV,14.0,0.0,1.0,0.0,1.0
LV,14.5,0.0,1.0,0.0,1.0
LV,15.0,0.0,1.0,0.0,1.0
LV,15.5,0.0,1.0,0.0,1.0
LV,16.0,0.0,1.0,0.0,1.0
LV,16.5,0.0,1.0,0.0,1.0
MIA,0.5,1.0,0.0,0.0,1.0
MIA,1.0,1.0,0.0,0.0,1.0
MIA,1.5,1.0,0.0,0.0,1.0
MIA,2.0,0.9995,0.0,0.0005,1.0
MIA,2.5,0.9995,0.0005,0.0,1.0
MIA,3.0,0.99775,0.0005,0.00175,1.0
MIA,3.5,0.99775,0.00225,0.0,1.0
MIA,4.0,0.99085,0.00225,0.0069,1.0
MIA,4.5,0.99085,0.00915,0.0,1.0
MIA,5.0,0.9678,0.00915,0.02305,1.0
MIA,5.5,0.9678,0.0322,0.0,1.0
MIA,6.0,0.9047,0.0322,0.0631,1.0
MIA,6.5,0.9047,0.0953,0.0,1.0
MIA,7.0,0.79045,0.0953,0.11425,1.0
MIA,7.5,0.79045,0.20955,0.0,1.0
MIA,8.0,0.61655,0.20955,0.1739,1.0
MIA,8.5,0.61655,0.38345,0.0,1.0
MIA,9.0,0.41455,0.38345,0.202,1.0
MIA,9.5,0.41455,0.58545,0.0,1.0
MIA,10.0,0.2317,0.58545,0.18285,1.0
MIA,10.5,0.2317,0.7683,0.0,1.0
MIA,11.0,0.10435,0.7683,0.12735,0.9999999999999999
MIA,11.5,0.10435,0.89565,0.0,1.0
MIA,12.0,0.03795,0.89565,0.0664,1.0
MIA,12.5,0.03795,0.96205,0.0,1.0
MIA,13.0,0.01055,0.96205,0.0274,0.9999999999999999
MIA,13.5,0.01055,0.98945,0.0,1.0
MIA,14.0,0.0018,0.98945,0.00875,1.0
MIA,14.5,0.0018,0.9982,0.0,1.0
MIA,15.0,0.0002,0.9982,0.0016,1.0
MIA,15.5,0.0002,0.9998,0.0,1.0
MIA,16.0,0.0,0.9998,0.0002,1.0
MIA,16.5,0.0,1.0,0.0,1.0
MIN,0.5,1.0,0.0,0.0,1.0
MIN,1.0,1.0,0.0,0.0,1.0
MIN,1.5,1.0,0.0,0.0,1.0
MIN,2.0,1.0,0.0,0.0,1.0
MIN,2.5,1.0,0.0,0.0,1.0
MIN,3.0,0.99995,0.0,5e-05,1.0
MIN,3.5,0.99995,5e-05,0.0,1.0
MIN,4.0,0.9986,5e-05,0.00135,1.0
MIN,4.5,0.9986,0.0014,0.0,1.0
MIN,5.0,0.9933,0.0014,0.0053,0.9999999999999999
MIN,5.5,0.9933,0.0067,0.0,1.0
MIN,6.0,0.9775,0.0067,0.0158,1.0
MIN,6.5,0.9775,0.0225,0.0,1.0
MIN,7.0,0.9344,0.0225,0.0431,1.0
MIN,7.5,0.9344,0.0656,0.0,1.0
MIN,8.0,0.8502,0.0656,0.0842,1.0
MIN,8.5,0.8502,0.1498,0.0,1.0
MIN,9.0,0.6992,0.1498,0.151,1.0
MIN,9.5,0.6992,0.3008,0.0,1.0
MIN,10.0,0.5037,0.3008,0.1955,1.0
MIN,10.5,0.5037,0.4963,0.0,1.0
MIN,11.0,0.3027,0.4963,0.201,1.0
MIN,11.5,0.3027,0.6973,0.0,1.0
MIN,12.0,0.14835,0.6973,0.15435,1.0
MIN,12.5,0.14835,0.85165,0.0,1.0
MIN,13.0,0.0535,0.85165,0.09485,1.0
MIN,13.5,0.0535,0.9465,0.0,1.0
MIN,14.0,0.01425,0.9465,0.03925,1.0
MIN,14.5,0.01425,0.98575,0.0,1.0
MIN,15.0,0.0021,0.98575,0.01215,1.0
MIN,15.5,0.0021,0.9979,0.0,1.0
MIN,16.0,0.0004,0.9979,0.0017,1.0
MIN,16.5,0.0004,0.9996,0.0,1.0
NE,0.5,0.9998,0.0002,0.0,1.0
NE,1.0,0.9969,0.0002,0.0029,1.0
NE,1.5,0.9969,0.0031,0.0,1.0
NE,2.0,0.98265,0.0031,0.01425,1.0
NE,2.5,0.98265,0.01735,0.0,1.0
NE,3.0,0.9324,0.01735,0.05025,1.0
NE,3.5,0.9324,0.0676,0.0,1.0
NE,4.0,0.82725,0.0676,0.10515,1.0
NE,4.5,0.82725,0.17275,0.0,1.0
NE,5.0,0.66055,0.17275,0.1667,0.9999999999999999
NE,5.5,0.66055,0.33945,0.0,1.0
NE,6.0,0.46365,0.33945,0.1969,0.9999999999999999
NE,6.5,0.46365,0.53635,0.0,1.0
NE,7.0,0.27415,0.53635,0.1895,1.0
NE,7.5,0.27415,0.72585,0.0,1.0
NE,8.0,0.13255,0.72585,0.1416,1.0
NE,8.5,0.13255,0.86745,0.0,1.0
NE,9.0,0.0535,0.86745,0.07905,1.0
NE,9.5,0.0535,0.9465,0.0,1.0
NE,10.0,0.01685,0.9465,0.03665,1.0
NE,10.5,0.01685,0.98315,0.0,1.0
NE,11.0,0.00535,0.98315,0.0115,0.9999999999999999
NE,11.5,0.00535,0.99465,0.0,1.0
NE,12.0,0.00135,0.99465,0.004,1.0
NE,12.5,0.00135,0.99865,0.0,1.0
NE,13.0,0.0004,0.99865,0.00095,1.0
NE,13.5,0.0004,0.9996,0.0,1.0
NE,14.0,0.0001,0.9996,0.0003,1.0
NE,14.5,0.0001,0.9999,0.0,1.0
NE,15.0,0.0,0.9999,0.0001,1.0
NE,15.5,0.0,1.0,0.0,1.0
NE,16.0,0.0,1.0,0.0,1.0
NE,16.5,0.0,1.0,0.0,1.0
NO,0.5,1.0,0.0,0.0,1.0
NO,1.0,0.99915,0.0,0.00085,1.0
NO,1.5,0.99915,0.00085,0.0,1.0
NO,2.0,0.99195,0.00085,0.0072,1.0
NO,2.5,0.99195,0.00805,0.0,1.0
NO,3.0,0.9618,0.00805,0.03015,1.0
NO,3.5,0.9618,0.0382,0.0,1.0
NO,4.0,0.8885,0.0382,0.0733,1.0
NO,4.5,0.8885,0.1115,0.0,1.0
NO,5.0,0.74665,0.1115,0.14185,1.0
NO,5.5,0.74665,0.25335,0.0,1.0
NO,6.0,0.55765,0.25335,0.189,1.0
NO,6.5,0.55765,0.44235,0.0,1.0
NO,7.0,0.3583,0.44235,0.19935,1.0
NO,7.5,0.3583,0.6417,0.0,1.0
NO,8.0,0.18985,0.6417,0.16845,1.0
NO,8.5,0.18985,0.81015,0.0,1.0
NO,9.0,0.0831,0.81015,0.10675,1.0
NO,9.5,0.0831,0.9169,0.0,1.0
NO,10.0,0.0273,0.9169,0.0558,1.0
NO,10.5,0.0273,0.9727,0.0,1.0
NO,11.0,0.00625,0.9727,0.02105,1.0
NO,11.5,0.00625,0.99375,0.0,1.0
NO,12.0,0.0014,0.99375,0.00485,1.0
NO,12.5,0.0014,0.9986,0.0,1.0
NO,13.0,0.00015,0.9986,0.00125,1.0
NO,13.5,0.00015,0.99985,0.0,1.0
NO,14.0,0.0,0.99985,0.00015,1.0
NO,14.5,0.0,1.0,0.0,1.0
NO,15.0,0.0,1.0,0.0,1.0
NO,15.5,0.0,1.0,0.0,1.0
NO,16.0,0.0,1.0,0.0,1.0
NO,16.5,0.0,1.0,0.0,1.0
NYG,0.5,0.99785,0.00215,0.0,1.0
NYG,1.0,0.9854,0.00215,0.01245,1.0
NYG,1.5,0.9854,0.0146,0.0,1.0
NYG,2.0,0.93505,0.0146,0.05035,1.0
NYG,2.5,0.93505,0.06495,0.0,1.0
NYG,3.0,0.81845,0.06495,0.1166,1.0
NYG,3.5,0.81845,0.18155,0.0,1.0
NYG,4.0,0.6339,0.18155,0.18455,1.0
NYG,4.5,0.6339,0.3661,0.0,1.0
NYG,5.0,0.42455,0.3661,0.20935,1.0
NYG,5.5,0.42455,0.57545,0.0,1.0
NYG,6.0,0.2361,0.57545,0.18845,1.0
NYG,6.5,0.2361,0.7639,0.0,1.0
NYG,7.0,0.1101,0.7639,0.126,1.0
NYG,7.5,0.1101,0.8899,0.0,1.0
NYG,8.0,0.03995,0.8899,0.07015,1.0
NYG,8.5,0.03995,0.96005,0.0,1.0
NYG,9.0,0.01115,0.96005,0.0288,1.0
NYG,9.5,0.01115,0.98885,0.0,1.0
NYG,10.0,0.0027,0.98885,0.00845,1.0
NYG,10.5,0.0027,0.9973,0.0,1.0
NYG,11.0,0.0004,0.9973,0.0023,0.9999999999999999
NYG,11.5,0.0004,0.9996,0.0,1.0
NYG,12.0,5e-05,0.9996,0.00035,1.0
NYG,12.5,5e-05,0.99995,0.0,1.0
NYG,13.0,0.0,0.99995,5e-05,1.0
NYG,13.5,0.0,1.0,0.0,1.0
NYG,14.0,0.0,1.0,0.0,1.0
NYG,14.5,0.0,1.0,0.0,1.0
NYG,15.0,0.0,1.0,0.0,1.0
NYG,15.5,0.0,1.0,0.0,1.0
NYG,16.0,0.0,1.0,0.0,1.0
NYG,16.5,0.0,1.0,0.0,1.0
NYJ,0.5,0.9999,0.0001,0.0,1.0
NYJ,1.0,0.9989,0.0001,0.001,1.0
NYJ,1.5,0.9989,0.0011,0.0,1.0
NYJ,2.0,0.99315,0.0011,0.00575,1.0
NYJ,2.5,0.99315,0.00685,0.0,1.0
NYJ,3.0,0.97075,0.00685,0.0224,1.0
NYJ,3.5,0.97075,0.02925,0.0,1.0
NYJ,4.0,0.91275,0.02925,0.058,1.0
NYJ,4.5,0.91275,0.08725,0.0,1.0
NYJ,5.0,0.80175,0.08725,0.111,1.0
NYJ,5.5,0.80175,0.19825,0.0,1.0
NYJ,6.0,0.6302,0.19825,0.17155,1.0
NYJ,6.5,0.6302,0.3698,0.0,1.0
NYJ,7.0,0.4305,0.3698,0.1997,1.0
NYJ,7.5,0.4305,0.5695,0.0,1.0
NYJ,8.0,0.2553,0.5695,0.1752,1.0
NYJ,8.5,0.2553,0.7447,0.0,1.0
NYJ,9.0,0.1245,0.7447,0.1308,1.0
NYJ,9.5,0.1245,0.8755,0.0,1.0
NYJ,10.0,0.04935,0.8755,0.07515,1.0
NYJ,10.5,0.04935,0.95065,0.0,1.0
NYJ,11.0,0.01615,0.95065,0.0332,1.0
NYJ,11.5,0.01615,0.98385,0.0,1.0
NYJ,12.0,0.0037,0.98385,0.01245,1.0
NYJ,12.5,0.0037,0.9963,0.0,1.0
NYJ,13.0,0.0005,0.9963,0.0032,0.9999999999999999
NYJ,13.5,0.0005,0.9995,0.0,1.0
NYJ,14.0,0.0001,0.9995,0.0004,1.0
NYJ,14.5,0.0001,0.9999,0.0,1.0
NYJ,15.0,5e-05,0.9999,5e-05,1.0
NYJ,15.5,5e-05,0.99995,0.0,1.0
NYJ,16.0,0.0,0.99995,5e-05,1.0
NYJ,16.5,0.0,1.0,0.0,1.0
PHI,0.5,1.0,0.0,0.0,1.0
PHI,1.0,1.0,0.0,0.0,1.0
PHI,1.5,1.0,0.0,0.0,1.0
PHI,2.0,1.0,0.0,0.0,1.0
PHI,2.5,1.0,0.0,0.0,1.0
PHI,3.0,1.0,0.0,0.0,1.0
PHI,3.5,1.0,0.0,0.0,1.0
PHI,4.0,1.0,0.0,0.0,1.0
PHI,4.5,1.0,0.0,0.0,1.0
PHI,5.0,0.99995,0.0,5e-05,1.0
PHI,5.5,0.99995,5e-05,0.0,1.0
PHI,6.0,0.99925,5e-05,0.0007,1.0
PHI,6.5,0.99925,0.00075,0.0,1.0
PHI,7.0,0.9949,0.00075,0.00435,1.0
PHI,7.5,0.9949,0.0051,0.0,1.0
PHI,8.0,0.97965,0.0051,0.01525,1.0
PHI,8.5,0.97965,0.02035,0.0,1.0
PHI,9.0,0.93585,0.02035,0.0438,0.9999999999999999
PHI,9.5,0.93585,0.06415,0.0,1.0
PHI,10.0,0.8365,0.06415,0.09935,1.0
PHI,10.5,0.8365,0.1635,0.0,1.0
PHI,11.0,0.66835,0.1635,0.16815,1.0
PHI,11.5,0.66835,0.33165,0.0,1.0
PHI,12.0,0.4486,0.33165,0.21975,1.0
PHI,12.5,0.4486,0.5514,0.0,1.0
PHI,13.0,0.24015,0.5514,0.20845,1.0
PHI,13.5,0.24015,0.75985,0.0,1.0
PHI,14.0,0.0936,0.75985,0.14655,1.0
PHI,14.5,0.0936,0.9064,0.0,1.0
PHI,15.0,0.023,0.9064,0.0706,1.0
PHI,15.5,0.023,0.977,0.0,1.0
PHI,16.0,0.00225,0.977,0.02075,1.0
PHI,16.5,0.00225,0.99775,0.0,1.0
PIT,0.5,1.0,0.0,0.0,1.0
PIT,1.0,1.0,0.0,0.0,1.0
PIT,1.5,1.0,0.0,0.0,1.0
PIT,2.0,0.9996,0.0,0.0004,1.0
PIT,2.5,0.9996,0.0004,0.0,1.0
PIT,3.0,0.9985,0.0004,0.0011,1.0
PIT,3.5,0.9985,0.0015,0.0,1.0
PIT,4.0,0.9929,0.0015,0.0056,1.0
PIT,4.5,0.9929,0.0071,0.0,1.0
PIT,5.0,0.97275,0.0071,0.02015,1.0
PIT,5.5,0.97275,0.02725,0.0,1.0
PIT,6.0,0.922,0.02725,0.05075,1.0
PIT,6.5,0.922,0.078,0.0,1.0
PIT,7.0,0.8175,0.078,0.1045,1.0
PIT,7.5,0.8175,0.1825,0.0,1.0
PIT,8.0,0.6509,0.1825,0.1666,1.0
PIT,8.5,0.6509,0.3491,0.0,1.0
PIT,9.0,0.45425,0.3491,0.19665,1.0
PIT,9.5,0.45425,0.54575,0.0,1.0
PIT,10.0,0.2672,0.54575,0.18705,1.0
PIT,10.5,0.2672,0.7328,0.0,1.0
PIT,11.0,0.12455,0.7328,0.14265,1.0
PIT,11.5,0.12455,0.87545,0.0,1.0
PIT,12.0,0.04435,0.87545,0.0802,1.0
PIT,12.5,0.04435,0.95565,0.0,1.0
PIT,13.0,0.01195,0.95565,0.0324,1.0
PIT,13.5,0.01195,0.98805,0.0,1.0
PIT,14.0,0.00285,0.98805,0.0091,1.0
PIT,14.5,0.00285,0.99715,0.0,1.0
PIT,15.0,0.0003,0.99715,0.00255,1.0
PIT,15.5,0.0003,0.9997,0.0,1.0
PIT,16.0,0.0,0.9997,0.0003,1.0
PIT,16.5,0.0,1.0,0.0,1.0
SEA,0.5,1.0,0.0,0.0,1.0
SEA,1.0,0.99995,0.0,5e-05,1.0
SEA,1.5,0.99995,5e-05,0.0,1.0
SEA,2.0,0.99945,5e-05,0.0005,0.9999999999999999
SEA,2.5,0.99945,0.00055,0.0,1.0
SEA,3.0,0.99685,0.00055,0.0026,1.0
SEA,3.5,0.99685,0.00315,0.0,1.0
SEA,4.0,0.98685,0.00315,0.01,1.0
SEA,4.5,0.98685,0.01315,0.0,1.0
SEA,5.0,0.9568,0.01315,0.03005,1.0
SEA,5.5,0.9568,0.0432,0.0,1.0
SEA,6.0,0.88235,0.0432,0.07445,1.0
SEA,6.5,0.88235,0.11765,0.0,1.0
SEA,7.0,0.74995,0.11765,0.1324,1.0
SEA,7.5,0.74995,0.25005,0.0,1.0
SEA,8.0,0.57545,0.25005,0.1745,1.0
SEA,8.5,0.57545,0.42455,0.0,1.0
SEA,9.0,0.383,0.42455,0.19245,1.0
SEA,9.5,0.383,0.617,0.0,1.0
SEA,10.0,0.2126,0.617,0.1704,1.0
SEA,10.5,0.2126,0.7874,0.0,1.0
SEA,11.0,0.09645,0.7874,0.11615,1.0
SEA,11.5,0.09645,0.90355,0.0,1.0
SEA,12.0,0.0347,0.90355,0.06175,0.9999999999999999
SEA,12.5,0.0347,0.9653,0.0,1.0
SEA,13.0,0.00915,0.9653,0.02555,1.0
SEA,13.5,0.00915,0.99085,0.0,1.0
SEA,14.0,0.00165,0.99085,0.0075,1.0
SEA,14.5,0.00165,0.99835,0.0,1.0
SEA,15.0,0.00015,0.99835,0.0015,0.9999999999999999
SEA,15.5,0.00015,0.99985,0.0,1.0
SEA,16.0,0.0,0.99985,0.00015,1.0
SEA,16.5,0.0,1.0,0.0,1.0
SF,0.5,0.99995,5e-05,0.0,1.0
SF,1.0,0.9995,5e-05,0.00045,1.0
SF,1.5,0.9995,0.0005,0.0,1.0
SF,2.0,0.9958,0.0005,0.0037,1.0
SF,2.5,0.9958,0.0042,0.0,1.0
SF,3.0,0.97995,0.0042,0.01585,1.0
SF,3.5,0.97995,0.02005,0.0,1.0
SF,4.0,0.9314,0.02005,0.04855,1.0
SF,4.5,0.9314,0.0686,0.0,1.0
SF,5.0,0.8312,0.0686,0.1002,1.0
SF,5.5,0.8312,0.1688,0.0,1.0
SF,6.0,0.67325,0.1688,0.15795,1.0
SF,6.5,0.67325,0.32675,0.0,1.0
SF,7.0,0.479,0.32675,0.19425,1.0
SF,7.5,0.479,0.521,0.0,1.0
SF,8.0,0.29145,0.521,0.18755,1.0
SF,8.5,0.29145,0.70855,0.0,1.0
SF,9.0,0.1491,0.70855,0.14235,1.0
SF,9.5,0.1491,0.8509,0.0,1.0
SF,10.0,0.06375,0.8509,0.08535,1.0
SF,10.5,0.06375,0.93625,0.0,1.0
SF,11.0,0.0205,0.93625,0.04325,1.0
SF,11.5,0.0205,0.9795,0.0,1.0
SF,12.0,0.0061,0.9795,0.0144,1.0
SF,12.5,0.0061,0.9939,0.0,1.0
SF,13.0,0.00115,0.9939,0.00495,1.0
SF,13.5,0.00115,0.99885,0.0,1.0
SF,14.0,0.0001,0.99885,0.00105,1.0
SF,14.5,0.0001,0.9999,0.0,1.0
SF,15.0,0.0,0.9999,0.0001,1.0
SF,15.5,0.0,1.0,0.0,1.0
SF,16.0,0.0,1.0,0.0,1.0
SF,16.5,0.0,1.0,0.0,1.0
TB,0.5,1.0,0.0,0.0,1.0
TB,1.0,1.0,0.0,0.0,1.0
TB,1.5,1.0,0.0,0.0,1.0
TB,2.0,1.0,0.0,0.0,1.0
TB,2.5,1.0,0.0,0.0,1.0
TB,3.0,1.0,0.0,0.0,1.0
TB,3.5,1.0,0.0,0.0,1.0
TB,4.0,0.99975,0.0,0.00025,1.0
TB,4.5,0.99975,0.00025,0.0,1.0
TB,5.0,0.99855,0.00025,0.0012,1.0
TB,5.5,0.99855,0.00145,0.0,1.0
TB,6.0,0.9918,0.00145,0.00675,1.0
TB,6.5,0.9918,0.0082,0.0,1.0
TB,7.0,0.9722,0.0082,0.0196,0.9999999999999999
TB,7.5,0.9722,0.0278,0.0,1.0
TB,8.0,0.91965,0.0278,0.05255,1.0
TB,8.5,0.91965,0.08035,0.0,1.0
TB,9.0,0.80995,0.08035,0.1097,1.0
TB,9.5,0.80995,0.19005,0.0,1.0
TB,10.0,0.6358,0.19005,0.17415,1.0
TB,10.5,0.6358,0.3642,0.0,1.0
TB,11.0,0.4227,0.3642,0.2131,1.0
TB,11.5,0.4227,0.5773,0.0,1.0
TB,12.0,0.2281,0.5773,0.1946,1.0
TB,12.5,0.2281,0.7719,0.0,1.0
TB,13.0,0.09585,0.7719,0.13225,1.0
TB,13.5,0.09585,0.90415,0.0,1.0
TB,14.0,0.02805,0.90415,0.0678,1.0
TB,14.5,0.02805,0.97195,0.0,1.0
TB,15.0,0.00455,0.97195,0.0235,1.0
TB,15.5,0.00455,0.99545,0.0,1.0
TB,16.0,0.00025,0.99545,0.0043,0.9999999999999999
TB,16.5,0.00025,0.99975,0.0,1.0
TEN,0.5,0.9939,0.0061,0.0,1.0
TEN,1.0,0.9567,0.0061,0.0372,1.0
TEN,1.5,0.9567,0.0433,0.0,1.0
TEN,2.0,0.8498,0.0433,0.1069,1.0
TEN,2.5,0.8498,0.1502,0.0,1.0
TEN,3.0,0.66095,0.1502,0.18885,1.0
TEN,3.5,0.66095,0.33905,0.0,1.0
TEN,4.0,0.4323,0.33905,0.22865,1.0
TEN,4.5,0.4323,0.5677,0.0,1.0
TEN,5.0,0.23665,0.5677,0.19565,1.0
TEN,5.5,0.23665,0.76335,0.0,1.0
TEN,6.0,0.1034,0.76335,0.13325,1.0
TEN,6.5,0.1034,0.8966,0.0,1.0
TEN,7.0,0.0352,0.8966,0.0682,1.0
TEN,7.5,0.0352,0.9648,0.0,1.0
TEN,8.0,0.00965,0.9648,0.02555,1.0
TEN,8.5,0.00965,0.99035,0.0,1.0
TEN,9.0,0.0024,0.99035,0.00725,0.9999999999999999
TEN,9.5,0.0024,0.9976,0.0,1.0
TEN,10.0,0.00065,0.9976,0.00175,1.0
TEN,10.5,0.00065,0.99935,0.0,1.0
TEN,11.0,5e-05,0.99935,0.0006,1.0
TEN,11.5,5e-05,0.99995,0.0,1.0
TEN,12.0,0.0,0.99995,5e-05,1.0
TEN,12.5,0.0,1.0,0.0,1.0
TEN,13.0,0.0,1.0,0.0,1.0
TEN,13.5,0.0,1.0,0.0,1.0
TEN,14.0,0.0,1.0,0.0,1.0
TEN,14.5,0.0,1.0,0.0,1.0
TEN,15.0,0.0,1.0,0.0,1.0
TEN,15.5,0.0,1.0,0.0,1.0
TEN,16.0,0.0,1.0,0.0,1.0
TEN,16.5,0.0,1.0,0.0,1.0
WAS,0.5,1.0,0.0,0.0,1.0
WAS,1.0,1.0,0.0,0.0,1.0
WAS,1.5,1.0,0.0,0.0,1.0
WAS,2.0,1.0,0.0,0.0,1.0
WAS,2.5,1.0,0.0,0.0,1.0
WAS,3.0,0.99995,0.0,5e-05,1.0
WAS,3.5,0.99995,5e-05,0.0,1.0
WAS,4.0,0.99965,5e-05,0.0003,1.0
WAS,4.5,0.99965,0.00035,0.0,1.0
WAS,5.0,0.99715,0.00035,0.0025,0.9999999999999999
WAS,5.5,0.99715,0.00285,0.0,1.0
WAS,6.0,0.9901,0.00285,0.00705,1.0
WAS,6.5,0.9901,0.0099,0.0,1.0
WAS,7.0,0.9628,0.0099,0.0273,1.0
WAS,7.5,0.9628,0.0372,0.0,1.0
WAS,8.0,0.89465,0.0372,0.06815,1.0
WAS,8.5,0.89465,0.10535,0.0,1.0
WAS,9.0,0.7713,0.10535,0.12335,0.9999999999999999
WAS,9.5,0.7713,0.2287,0.0,1.0
WAS,10.0,0.5842,0.2287,0.1871,1.0
WAS,10.5,0.5842,0.4158,0.0,1.0
WAS,11.0,0.37045,0.4158,0.21375,1.0
WAS,11.5,0.37045,0.62955,0.0,1.0
WAS,12.0,0.19235,0.62955,0.1781,1.0
WAS,12.5,0.19235,0.80765,0.0,1.0
WAS,13.0,0.0746,0.80765,0.11775,1.0
WAS,13.5,0.0746,0.9254,0.0,1.0
WAS,14.0,0.0194,0.9254,0.0552,1.0
WAS,14.5,0.0194,0.9806,0.0,1.0
WAS,15.0,0.00285,0.9806,0.01655,1.0
WAS,15.5,0.00285,0.99715,0.0,1.0
WAS,16.0,0.00025,0.99715,0.0026,1.0
WAS,16.5,0.00025,0.99975,0.0,1.0
